id,category,dataset_or_item,publisher_or_agency,official_link,doi,license,role_in_project,verification_method,verification_date,verification_result,verified_status,verified_final_url,verified_utc
C1,Competition official,GEMS Prize main page (deadlines prizes eligibility),DOE Office of Geothermal / DrivenData,https://www.drivendata.org/competitions/306/competition-doe-gems/,,Competition terms,Task definition and key dates; end date Dec 3 2026 11:59pm UTC; prize pool $300000,fetch_page,2026-09-12,OK_200,200,https://www.drivendata.org/competitions/306/competition-doe-gems/,2026-09-25T20:29:01+00:00
C2,Competition official,Problem description (task metric submission format),DOE Office of Geothermal / DrivenData,https://www.drivendata.org/competitions/306/competition-doe-gems/page/967/,,Competition terms,Task; distance-weighted Tversky index (alpha 0.2 beta 0.8 R 300m); submission format (float32 EPSG:32611 100m); datasets section,fetch_page,2026-09-12,OK_200,200,https://www.drivendata.org/competitions/306/competition-doe-gems/page/967/,2026-09-25T20:29:01+00:00
C3,Competition official,About page (sponsor data task references),DOE Office of Geothermal / DrivenData,https://www.drivendata.org/competitions/306/competition-doe-gems/page/968/,,Competition terms,Sponsor DOE OG + NLR; GeoDAWN background; task background; 2 recommended papers,fetch_page,2026-09-12,OK_200,200,https://www.drivendata.org/competitions/306/competition-doe-gems/page/968/,2026-09-25T20:29:01+00:00
C4,Competition official,Data tab (login required),DrivenData,https://www.drivendata.org/competitions/306/competition-doe-gems/data/,,Competition terms,Source of training_features.tif labels.tif sample_submission.tif 1m_DEM_links.csv,fetch_page,2026-09-12,LOGIN_REQUIRED,200,https://www.drivendata.org/accounts/login/?next=/competitions/306/competition-doe-gems/data/,2026-09-25T20:29:01+00:00
C5,Competition official,Competition rules page,DrivenData,https://www.drivendata.org/competitions/306/competition-doe-gems/rules/,,Competition terms,Points to official rules at HeroX,fetch_page,2026-09-12,OK_200,200,https://www.drivendata.org/competitions/306/competition-doe-gems/rules/,2026-09-25T20:29:01+00:00
C6,Competition official,GEMS Prize Official Rules (HeroX resource 2274),American-Made / NLR,https://www.herox.com/GEMSPrize/resource/2274,,US Government prize terms,Official rules document link page,fetch_page,2026-09-12,OK_200,200,https://www.herox.com/GEMSPrize/resource/2274,2026-09-25T20:29:01+00:00
C7,Competition official,Official rules PDF (NREL/NLR docs fy26osti 96647),National Lab of the Rockies (NLR) / DOE,https://www.nlr.gov/docs/fy26osti/96647.pdf,,US Government prize terms,Sections: 1.3 eligibility (US citizen/PR; FFRDC individual honorable-mention only); 1.4 prize goals; 3.2 process incl. generative-AI disclosure and 3 submissions/week; 3.3 training labels from INGENIOUS GDR (footnote 4); 3.4 feedback 3/week + choose one final; 3.5 one submission scored across both rounds + code assets; 3.6 scoring; 3.6.5 winner notification ~60 days; A.1 5pm ET deadline,fetch_page,2026-09-12,OK_REDIRECTED_TO_docs.nlr.gov,200,https://docs.nlr.gov/docs/fy26osti/96647.pdf,2026-09-25T20:29:01+00:00
C8,Competition official,Reference solution repository,DrivenData (author John Lipor Portland State),https://github.com/drivendataorg/gems-prize-reference-solution,,MIT-style open code (see repo),U-Net + Monte Carlo CV baseline; uses data/numeric_features.tif and data/labels.tif; MC=5 patch 128 epochs 5 batch 32 lr 1e-4 Tversky 0.2/0.8,git clone + file read,2026-09-12,OK_200,200,https://github.com/drivendataorg/gems-prize-reference-solution,2026-09-25T20:29:01+00:00
C9,Competition official,Competition forum,DrivenData community,https://community.drivendata.org/c/gems-prize-challenge/111,,Forum,Official Q&A channel,linked-from-official-page,2026-09-12,OK_200,200,https://community.drivendata.org/c/gems-prize-challenge/111,2026-09-25T20:29:01+00:00
C10,Competition official,Sponsor page DOE Office of Geothermal,US DOE,https://www.energy.gov/hgeo/geothermal/office-geothermal,,Public,Official sponsor site,linked-from-official-page,2026-09-12,OK_200,200,https://www.energy.gov/hgeo/geothermal/office-geothermal,2026-09-25T20:29:01+00:00
C11,Competition official,National Lab of the Rockies (NLR) site,NLR,https://www.nlr.gov/,,Public,Prize administrator (American-Made); contact gemsprize@nlr.gov,linked-from-official-page,2026-09-12,OK_200,200,https://www.nlr.gov/,2026-09-25T20:29:01+00:00
D1,Competition data,training_features.tif (problem-page name) = numeric_features.tif (reference solution) = gems-geodawn-numerical-features.tif (Dropbox mirror),DrivenData / DOE / USGS,https://www.drivendata.org/competitions/306/competition-doe-gems/data/,,Per competition terms,Multiband GeoTIFF EPSG:32611 100m - the model input,inferred from official pages,2026-09-12,LOGIN_REQUIRED,200,https://www.drivendata.org/accounts/login/?next=/competitions/306/competition-doe-gems/data/,2026-09-25T20:29:01+00:00
D2,Competition data,labels.tif (problem page and reference solution) = existing_faults.tif (Dropbox mirror),DrivenData / DOE / USGS / INGENIOUS,https://www.drivendata.org/competitions/306/competition-doe-gems/data/,,Per competition terms,Binary fault labels 100m from USGS Qfaults + INGENIOUS (per rules PDF 3.3),inferred from official pages,2026-09-12,LOGIN_REQUIRED,200,https://www.drivendata.org/accounts/login/?next=/competitions/306/competition-doe-gems/data/,2026-09-25T20:29:01+00:00
D3,Competition data,sample_submission.tif (problem page) = example_submission.tif (Dropbox mirror),DrivenData / DOE,https://www.drivendata.org/competitions/306/competition-doe-gems/data/,,Per competition terms,Format template float32 [0-1] EPSG:32611 100m,inferred from official pages,2026-09-12,LOGIN_REQUIRED,200,https://www.drivendata.org/accounts/login/?next=/competitions/306/competition-doe-gems/data/,2026-09-25T20:29:01+00:00
D4,Competition data,1m_DEM_links.csv (problem page) = Digital-elevation-model-links-JSON.pdf (Dropbox mirror),DrivenData / DOE / USGS 3DEP,https://www.drivendata.org/competitions/306/competition-doe-gems/data/,,Per competition terms,Links to 1m DEM tiles (USGS 3DEP),inferred from official pages,2026-09-12,LOGIN_REQUIRED,200,https://www.drivendata.org/accounts/login/?next=/competitions/306/competition-doe-gems/data/,2026-09-25T20:29:01+00:00
D5,Competition data mirror,GEMS_96647.pdf (Dropbox mirror of rules PDF),Competition-provided mirror,https://www.dropbox.com/scl/fi/aemhtutjgcp6tr3tint94/GEMS_96647.pdf?rlkey=rek210cj2smnmzb8n0sla1vmd&st=wz4kofki&dl=0,,Competition terms,Mirror of official rules PDF,user-provided,2026-09-12,OK_200,200,https://www.dropbox.com/scl/fi/aemhtutjgcp6tr3tint94/GEMS_96647.pdf?rlkey=rek210cj2smnmzb8n0sla1vmd&st=wz4kofki&dl=0,2026-09-25T20:29:01+00:00
D6,Competition data mirror,example_submission.tif (Dropbox),Competition-provided mirror,https://www.dropbox.com/scl/fi/6rgvnuady818ol8yqgis4/example_submission.tif?rlkey=kbykilvau066xuogoosbf4cq8&st=8junzdyw&dl=0,,Competition terms,Submission template,user-provided,2026-09-12,OK_200,200,https://www.dropbox.com/scl/fi/6rgvnuady818ol8yqgis4/example_submission.tif?rlkey=kbykilvau066xuogoosbf4cq8&st=8junzdyw&dl=0,2026-09-25T20:29:01+00:00
D7,Competition data mirror,existing_faults.tif (Dropbox),Competition-provided mirror,https://www.dropbox.com/scl/fi/t7fyt03qdh9egyme0itwo/existing_faults.tif?rlkey=yiao96uluqdkipf0h5vju71jf&st=rnino7ya&dl=0,,Competition terms,Training labels raster,user-provided,2026-09-12,OK_200,200,https://www.dropbox.com/scl/fi/t7fyt03qdh9egyme0itwo/existing_faults.tif?rlkey=yiao96uluqdkipf0h5vju71jf&st=rnino7ya&dl=0,2026-09-25T20:29:01+00:00
D8,Competition data mirror,gems-geodawn-numerical-features.tif (Dropbox),Competition-provided mirror,https://www.dropbox.com/scl/fi/3vz9o0wwavi26xaeoxlwr/gems-geodawn-numerical-features.tif?rlkey=je8d8fepqfbst9lnwsq9rkplu&st=zj1lag1r&dl=0,,Competition terms,Training features raster,user-provided,2026-09-12,OK_200,200,https://www.dropbox.com/scl/fi/3vz9o0wwavi26xaeoxlwr/gems-geodawn-numerical-features.tif?rlkey=je8d8fepqfbst9lnwsq9rkplu&st=zj1lag1r&dl=0,2026-09-25T20:29:01+00:00
D9,Competition data mirror,Digital-elevation-model-links-JSON.pdf (Dropbox),Competition-provided mirror,https://www.dropbox.com/scl/fi/ig0mban712ns1atphgphe/Digital-elevation-model-links-JSON.pdf?rlkey=zm77f1vbtt2if8hlruymptnu3&st=srhhir10&dl=0,,Competition terms,1m DEM link list,user-provided,2026-09-12,OK_200,200,https://www.dropbox.com/scl/fi/ig0mban712ns1atphgphe/Digital-elevation-model-links-JSON.pdf?rlkey=zm77f1vbtt2if8hlruymptnu3&st=srhhir10&dl=0,2026-09-25T20:29:01+00:00
E1,External data official,GeoDAWN airborne magnetic and radiometric surveys (ScienceBase folder),USGS (Glen J.M.G. and Earney T.E. 2024),https://www.sciencebase.gov/catalog/item/657e1d85d34e23d3533209f7,10.5066/P93LGLVQ,CC0 1.0 Universal,Source survey for magnetic/radiometric feature bands; 149030 line-km over 51857 sq km; Areas 1-2; contractor EDCON-PRJ,fetch_page,2026-09-12,OK_200,200,https://www.sciencebase.gov/catalog/item/657e1d85d34e23d3533209f7,2026-09-25T20:29:01+00:00
E2,External data official,GeoDAWN USGS data overview page,USGS,https://www.usgs.gov/data/geodawn-airborne-magnetic-and-radiometric-surveys-northwestern-great-basin-nevada-and,10.5066/P93LGLVQ,CC0 1.0 Universal,Human-readable release page; Rights explicitly CC0 1.0,fetch_page,2026-09-12,OK_200,200,https://www.usgs.gov/data/geodawn-airborne-magnetic-and-radiometric-surveys-northwestern-great-basin-nevada-and,2026-09-25T20:29:01+00:00
E3,External data official,GeoDAWN DOI landing,USGS,https://doi.org/10.5066/P93LGLVQ,10.5066/P93LGLVQ,CC0 1.0,Canonical citation target (cited in official rules PDF footnote 3),resolved-via-ScienceBase-and-USGS-page,2026-09-12,OK_REDIRECTED_TO_www.sciencebase.gov,200,https://www.sciencebase.gov/catalog/item/657e1d85d34e23d3533209f7,2026-09-25T20:29:01+00:00
E4,External data official,USGS Quaternary Fault and Fold Database of the United States (ScienceBase folder),USGS Earthquake Hazards,https://www.sciencebase.gov/catalog/item/589097b1e4b072a7ac0cae23,10.5066/P9BCVRCK,Public Domain (USGS),Origin of training fault labels (with INGENIOUS update); files Qfaults_GIS.zip 30.87MB qfaults.kmz 18.97MB Change_Log.txt,fetch_page,2026-09-12,OK_200,200,https://www.sciencebase.gov/catalog/item/589097b1e4b072a7ac0cae23,2026-09-25T20:29:01+00:00
E5,External data official,QFaults web page (interactive map and downloads),USGS Earthquake Hazards,https://www.usgs.gov/programs/earthquake-hazards/faults,,Public Domain,QFaults portal (listed as related resource on ScienceBase item),fetch_page,2026-09-18,OK_200,200,https://www.usgs.gov/programs/earthquake-hazards/faults,2026-09-25T20:29:01+00:00
E6,External data official,QFaults ArcGIS MapServer (service root),USGS Earthquake Hazards,https://earthquake.usgs.gov/arcgis/rest/services/haz/Qfaults/MapServer,10.5066/P9BCVRCK,Public Domain (USGS),Programmatic fault geometry access: the endpoint scripts/fetch_qfaults.py pages for catalogue B of the cross-catalogue transfer measurement,fetch_page,2026-09-18,OK_200,200,https://earthquake.usgs.gov/arcgis/rest/services/haz/Qfaults/MapServer,2026-09-25T20:29:01+00:00
E7,External data official,USGS FAQ where to find US fault map (KML and GIS),USGS,https://www.usgs.gov/faqs/where-can-i-find-a-fault-map-united-states-one-available-gis-format,,Public Domain,Confirms KML + shapefile availability,web_search,2026-09-12,OK_200,200,https://www.usgs.gov/faqs/where-can-i-find-a-fault-map-united-states-one-available-gis-format,2026-09-25T20:29:01+00:00
E8,External data official,3DEP products and services about page,USGS National Geospatial Program,https://www.usgs.gov/3d-elevation-program/about-3dep-products-services,,Public Domain - free without use restrictions,1m DEM program; source for DEM links file,fetch_page,2026-09-12,OK_200,200,https://www.usgs.gov/3d-elevation-program/about-3dep-products-services,2026-09-25T20:29:01+00:00
E9,External data official,The National Map Downloader,USGS NGP,https://apps.nationalmap.gov/downloader/,,Public Domain,DEM download client,web_search (USGS media page + docs),2026-09-12,OK_200,200,https://apps.nationalmap.gov/downloader/,2026-09-25T20:29:01+00:00
E10,External data official,3DEP LidarExplorer,USGS NGP,https://apps.nationalmap.gov/lidar-explorer/,,Public Domain,Lidar/DEM discovery,web_search,2026-09-12,OK_200,200,https://apps.nationalmap.gov/lidar-explorer/,2026-09-25T20:29:01+00:00
E11,External data official,USGS 3DEP LiDAR point clouds on AWS Open Data,Hobu Inc. / USGS,https://registry.opendata.aws/usgs-lidar/,,US Government Public Domain,Streamable EPT + requester-pays LAZ buckets (s3://usgs-lidar-public),fetch_page,2026-09-12,OK_200,200,https://registry.opendata.aws/usgs-lidar/,2026-09-25T20:29:01+00:00
E12,External data official,INGENIOUS Great Basin Regional Dataset Compilation (GDR 1391),GBCGE NBMG UNR (Ayling et al. 2022),https://gdr.openei.org/submissions/1391,10.15121/1881483,CC BY 4.0,Source of competition feature layers (conductance detrended elevation geodetics gravity magnetics seismicity faults heat flow) and Quaternary Faults v1/v2 shapefiles,fetch_page,2026-09-12,OK_200,200,https://gdr.openei.org/submissions/1391,2026-09-25T20:29:01+00:00
E13,External data official,INGENIOUS DOI landing (GDR),GDR/OSTI,https://doi.org/10.15121/1881483,10.15121/1881483,CC BY 4.0,Canonical citation (footnote 4 of official rules PDF),web_search + platform fetch_page of GDR submission 1391 landing,2026-09-12,OK_REDIRECTED_TO_gdr.openei.org,200,https://gdr.openei.org/submissions/1391,2026-09-25T20:29:01+00:00
E14,External data official,INGENIOUS OSTI record (30 June 2022),OSTI,https://www.osti.gov/biblio/1881483,10.15121/1881483,CC BY 4.0,Full author list matching rules PDF footnote 4,web_search hit on the OSTI bibliographic record,2026-09-12,OK_200,200,https://www.osti.gov/biblio/1881483,2026-09-25T20:29:01+00:00
E15,External data official,INGENIOUS project site,GBCGE,https://gbcge.org/current-projects/ingenious/,,Project site,Project background,linked-from-GDR,2026-09-12,OK_200,200,https://gbcge.org/current-projects/ingenious/,2026-09-25T20:29:01+00:00
E16,External data official,INGENIOUS sub-dataset Electrical Conductance Maps - MT,USGS (via GDR 1391),https://doi.org/10.5066/P9TWT2LU,10.5066/P9TWT2LU,Public Domain (USGS),Source of surface conductivity / conductance feature,platform DOI fetch (loads the publisher landing page) + scripts/verify_links.py on a runner,2026-09-16,OK_REDIRECTED_TO_www.sciencebase.gov,200,https://www.sciencebase.gov/catalog/item/62979746d34ec53d276c113b,2026-09-25T20:29:01+00:00
E17,External data official,INGENIOUS sub-dataset Elevation Trend and Detrended Elevation,USGS (via GDR 1391),https://doi.org/10.5066/P9MQRCBY,10.5066/P9MQRCBY,Public Domain (USGS),Source of detrended elevation feature,platform DOI fetch (loads the publisher landing page) + scripts/verify_links.py on a runner,2026-09-16,OK_REDIRECTED_TO_www.sciencebase.gov,200,https://www.sciencebase.gov/catalog/item/64e597dfd34e736b81e198d2,2026-09-25T20:29:01+00:00
E18,External data official,INGENIOUS sub-dataset Geophysical Maps - Gravity and Magnetics,USGS (via GDR 1391),https://doi.org/10.5066/P9Z6SA1Z,10.5066/P9Z6SA1Z,Public Domain (USGS),Source of gravity/magnetics feature layers,platform DOI fetch (loads the publisher landing page) + scripts/verify_links.py on a runner,2026-09-16,OK_REDIRECTED_TO_www.sciencebase.gov,200,https://www.sciencebase.gov/catalog/item/628d4fabd34ef70cdba3c4a4,2026-09-25T20:29:01+00:00
E19,External data official,INGENIOUS sub-dataset Heat Flow Maps,USGS (via GDR 1391),https://doi.org/10.5066/P9BZPVUC,10.5066/P9BZPVUC,Public Domain (USGS),Background conductive heat flow context,linked-from-GDR,2026-09-12,OK_REDIRECTED_TO_www.sciencebase.gov,200,https://www.sciencebase.gov/catalog/item/6297d2fad34ec53d276c5b28,2026-09-25T20:29:01+00:00
E20,External data official,INGENIOUS sub-dataset Quaternary Faulting Slip and Dilation Tendency,USGS (via GDR 1391),https://doi.org/10.5066/P9YL58W6,10.5066/P9YL58W6,Public Domain (USGS),Fault criticality context layer,linked-from-GDR,2026-09-12,OK_REDIRECTED_TO_www.sciencebase.gov,200,https://www.sciencebase.gov/catalog/item/6296974dd34ec53d276bb33d,2026-09-25T20:29:01+00:00
E21,External data official,INGENIOUS Thermal Conductivity (linked dataset GDR 1390),GBCGE/SMU (via GDR 1391),https://gdr.openei.org/submissions/1390,,CC (see GDR),Thermal conductivity well data,linked-from-GDR,2026-09-12,OK_200,200,https://gdr.openei.org/submissions/1390,2026-09-25T20:29:01+00:00
E22,External data official,GBCGE Subsurface Database Explorer and APIs (OSTI dataset record),GBCGE (Mlawsky and Ayling 2020),https://www.osti.gov/dataexplorer/biblio/dataset/1987556,10.15121/1987556,Public (per OSTI),Wells springs temperatures chemistry external features,fetch_page,2026-09-12,OK_200,200,https://www.osti.gov/dataexplorer/biblio/dataset/1987556,2026-09-25T20:29:01+00:00
E23,External data official,Geothermal resource favorability features and predictions (ScienceBase),USGS (Mordensky S.P. and DeAngelo J. 2025),https://www.sciencebase.gov/catalog/item/66e88690d34e0606a9db9b43,10.5066/P14EET2C,Public (USGS release),16 input features + favorability percentiles; companion to Geothermics paper DOI 10.1016/j.geothermics.2025.103450 (Mordensky Burns Lipor DeAngelo 2025),fetch_page,2026-09-12,OK_200,200,https://www.sciencebase.gov/catalog/item/66e88690d34e0606a9db9b43,2026-09-25T20:29:01+00:00
E24,External data official,EarthMRI geoscience data portal,USGS Mineral Resources,https://mrdata.usgs.gov/earthmri/,,Public Domain,EarthMRI context (GeoDAWN flown under EarthMRI),fetch_page,2026-09-12,OK_200,200,https://mrdata.usgs.gov/earthmri/,2026-09-25T20:29:01+00:00
E25,External data official,EarthMRI technical overview fact sheet (Day W. 2020 FS 2020-3055),USGS,https://pubs.usgs.gov/publication/fs20203055,10.3133/fs20203055,Public Domain,EarthMRI program overview,web_search,2026-09-12,OK_200,200,https://pubs.usgs.gov/publication/fs20203055,2026-09-25T20:29:01+00:00
E26,External data official,Isostatic residual gravity anomaly grid for conterminous US (metadata),USGS (Kucks R.P. 1999),https://mrdata.usgs.gov/metadata/usgraviso.html,,Public Domain,Origin of isostatic gravity feature; Bouguer reduction density 2.67 g/cc; ~1M onshore values,web_search,2026-09-12,OK_200,200,https://mrdata.usgs.gov/metadata/usgraviso.html,2026-09-25T20:29:01+00:00
E27,External data official,Isostatic residual gravity grid page,USGS mrdata,https://mrdata.usgs.gov/gravity/isostatic/,,Public Domain,Grid download page,web_search (EDX NETL record cites URL),2026-09-12,OK_200,200,https://mrdata.usgs.gov/gravity/isostatic/,2026-09-25T20:29:01+00:00
E28,External data official,Geosoft Viewer (free grids reader),Seequent,https://www.seequent.com/,,Proprietary free viewer,Reads GeoDAWN .grd/.map/.gdb,linked-from-ScienceBase,2026-09-12,OK_200,200,https://www.seequent.com/,2026-09-25T20:29:01+00:00
L1,Literature (competition-listed),Mattéo et al 2021 Automatic fault mapping in remote optical images and topographic data with deep learning - JGR Solid Earth 126 e2020JB021269,JGR Solid Earth / AGU,https://doi.org/10.1029/2020JB021269,10.1029/2020JB021269,Open (listed on competition About page),Method inspiration for fault mapping with DL,listed-on-competition-about-page,2026-09-12,BOT_BLOCKED_403,403,,2026-09-25T20:29:01+00:00
L2,Literature (competition-listed),Hermant et al 2025 Using deep learning to map Quaternary faults in Western USA - Stanford Geothermal Workshop 50th,Stanford SGW 2025,https://pangea.stanford.edu/ERE/db/GeoConf/papers/SGW/2025/Hermant.pdf,,Open,Closest published analog to this competition (Great Basin Qfaults mapping with DL),listed-on-competition-about-page,2026-09-12,OK_200,200,https://pangea.stanford.edu/ERE/db/GeoConf/papers/SGW/2025/Hermant.pdf,2026-09-25T20:29:01+00:00
L3,Literature verified,Lei et al 2025 3D fault detection method using TransVNet - Front Earth Sci 13 1635344 (published 08 Aug 2025),Frontiers,https://www.frontiersin.org/journals/earth-science/articles/10.3389/feart.2025.1635344/full,10.3389/feart.2025.1635344,Open Access,Transformer+VNet beats U-Net/TransUNet on continuity and accuracy,web_search,2026-09-12,OK_200,200,https://www.frontiersin.org/journals/earth-science/articles/10.3389/feart.2025.1635344/full,2026-09-25T20:29:01+00:00
L4,Literature verified,Dalton et al 2025 Geo-SegNet contrastive learning enhanced U-net for geomaterial segmentation - Computers & Geosciences,Elsevier,https://www.sciencedirect.com/science/article/pii/S2949673X25000026,,ScienceDirect (open/abstract),Contrastive-learning encoder (modified ResNet-101) improves segmentation vs standard U-Net; NOTE scope is micro-CT geomaterial pore segmentation not fault maps,web_search,2026-09-12,BOT_BLOCKED_403,403,,2026-09-25T20:29:01+00:00
L5,Literature verified,Zhong et al 2024 A Frangi filter aided deep learning approach for palaeochannel recognition - GJI 236(3) 1526-1544,Oxford University Press,https://doi.org/10.1093/gji/ggad491,10.1093/gji/ggad491,Open Access,Frangi filtering enhances stripe-like features improving sensitivity for subsequent U-Net-style segmentation,web_search,2026-09-12,BOT_BLOCKED_403,403,,2026-09-25T20:29:01+00:00
L6,Literature verified,Guo et al 2025 The intelligent fault identification method based on multi-source information fusion and deep learning - Sci Rep 15 6643 (erratum 15 14821),Nature Portfolio,https://www.nature.com/articles/s41598-025-90823-5,10.1038/s41598-025-90823-5,Open Access (CC),16 factors from spectral/topographic/geomorphic/structural sources; 4 ML methods rank importance; CNN identifies faults; PMC11850705,web_search,2026-09-12,OK_200,200,https://www.nature.com/articles/s41598-025-90823-5,2026-09-25T20:29:01+00:00
L7,Literature verified,Chukwu et al 2024 Unsupervised machine learning and depth clusters of Euler deconvolution of magnetic data - Exploration Geophysics 55(3) 223-245,Taylor & Francis (ASEG),https://doi.org/10.1080/08123985.2023.2299475,10.1080/08123985.2023.2299475,Open Access (oa flag on earthdoc),Euler deconvolution + DBSCAN cluster to image fault location dip and overprinting from magnetic data,web_search,2026-09-12,BOT_BLOCKED_403,403,,2026-09-25T20:29:01+00:00
L8,Literature verified,Wang Z and AlRegib G 2014 Fault detection in seismic datasets using Hough transform - ICASSP pp 2372-2376,IEEE,https://ieeexplore.ieee.org/document/6854024/,10.1109/ICASSP.2014.6854024,Paid (free PDF mirror verified),Semi-automatic fault lines from discontinuity map via Hough + double-threshold false-feature removal,web_search,2026-09-12,OK_202,202,https://ieeexplore.ieee.org/document/6854024/,2026-09-25T20:29:01+00:00
L9,Literature verified,Hassan H and Goussev S 2019 Deep learning approach to automatic detection of faults and fractures from magnetic data using CNN - GeoConvention 2019,GeoConvention,https://geoconvention.com/wp-content/uploads/abstracts/2019/GC2019_313_Deep_learning_approach_to_automatic_detection_of_faults_and_fractures_CNN.pdf,,Free abstract,CNN edge/line detection of faults on aeromagnetic images,web_search,2026-09-12,OK_200,200,https://geoconvention.com/wp-content/uploads/abstracts/2019/GC2019_313_Deep_learning_approach_to_automatic_detection_of_faults_and_fractures_CNN.pdf,2026-09-25T20:29:01+00:00
L10,Literature verified,Bai et al 2024 Joint gravity and magnetic inversion using CNNs deep learning - Remote Sensing 16(7) 1115,MDPI,https://www.mdpi.com/2072-4292/16/7/1115,10.3390/rs16071115,Open Access CC BY 4.0,Data-driven CNN joint inversion direct field-to-property mapping,web_search,2026-09-12,BOT_BLOCKED_403,403,,2026-09-25T20:29:01+00:00
L11,Literature verified,Rafiq et al 2025 Integrated structural analysis for geothermal exploration - MethodsX 14 103189 (PMC11834046),Elsevier/PMC,https://pmc.ncbi.nlm.nih.gov/articles/PMC11834046/,10.1016/j.mex.2025.103189,Open Access CC,Protocol: CET grid analysis lineaments + FFD density maps correlate with geothermal manifestations,web_search,2026-09-12,OK_200,200,https://pmc.ncbi.nlm.nih.gov/articles/PMC11834046/,2026-09-25T20:29:01+00:00
L12,Literature verified,Guo et al 2021 3D geological structure inversion from Noddy-generated magnetic data using deep learning - Computers & Geosciences 149 104701,Elsevier,https://www.sciencedirect.com/science/article/abs/pii/S0098300421000169,10.1016/j.cageo.2021.104701,Abstract; code on GitHub,CNN classification/regression recovers fault/fold attitudes from magnetic images,web_search,2026-09-12,BOT_BLOCKED_403,403,,2026-09-25T20:29:01+00:00
L13,Literature verified,"Jessell et al 2022 Into the Noddyverse - a massive data store of 3D geological models for machine learning and inversion applications, Earth Syst. Sci. Data 14, 381-392 (CORRECTED: an earlier revision of this table said 381-416)",Copernicus,https://doi.org/10.5194/essd-14-381-2022,10.5194/essd-14-381-2022,CC BY 4.0 (article); model suite Zenodo doi 10.5281/zenodo.4589883,Synthetic pretraining data for fault detection CNNs,fetch_page of the ESSD article landing page (publisher),2026-09-12,OK_REDIRECTED_TO_essd.copernicus.org,200,https://essd.copernicus.org/articles/14/381/2022/,2026-09-25T20:29:01+00:00
L14,Literature verified,Feng Hu Zhao Ai 2025 Geothermal detection using remote sensing + ML + DL (Huanggang City) - J Applied Geophysics,Elsevier,https://www.sciencedirect.com/science/article/abs/pii/S0375650525000902,,Abstract,Two-stage coarse ML + fine MUnet (F1 90.91% GDA 2.82%; RF-MUnet F1 92.47% GDA 1.94%),web_search,2026-09-12,BOT_BLOCKED_403,403,,2026-09-25T20:29:01+00:00
L15,Literature verified,Florsch et al 2022 Magnetic anomalies characterization - deep learning and explainability - Computers & Geosciences 169 105227,Elsevier,https://www.sciencedirect.com/science/article/abs/pii/S0098300422001765,10.1016/j.cageo.2022.105227,Abstract,YOLO+DenseNet localization of magnetic dipoles; Grad-CAM and t-SNE explainability,web_search,2026-09-12,BOT_BLOCKED_403,403,,2026-09-25T20:29:01+00:00
L16,Literature verified,Sun Ran Xue et al 2026 U-Net human-in-the-loop semi-supervised vectorization of linear features on archived geological maps - Earth Sci Inform 19 173,Springer,https://link.springer.com/article/10.1007/s12145-026-02224-5,10.1007/s12145-026-02224-5,Hybrid Open (abstract visible),GWSU-Net; 19 maps; 32582 patches 128x128; F1 0.8634 faults 0.8504 boundaries,web_search,2026-09-12,OK_200,200,https://link.springer.com/article/10.1007/s12145-026-02224-5,2026-09-25T20:29:01+00:00
L17,Literature verified,GEM Strain Rate Model v2.1 (GSRM v2.1),UNAVCO / Kreemer et al,https://gsrm2.unavco.org/,,Public,GPS-derived strain rate model (context for dilatation/shear strain features),web_search,2026-09-12,OK_200,200,https://gsrm2.unavco.org/,2026-09-25T20:29:01+00:00
L18,Literature verified,"Hammond, Kreemer & Blewett 2024 Robust imaging of fault slip rates in the Walker Lane and Western Great Basin from GPS data using a multi-block model approach, J. Geophys. Res. Solid Earth 129(3), e2023JB028044",Wiley/AGU,https://agupubs.onlinelibrary.wiley.com/doi/full/10.1029/2023JB028044,10.1029/2023JB028044,Abstract/subscription,Walker Lane slip rates from GPS multi-block model,web_search (citations in two independent 2025 papers) + prior fetch_page,2026-09-12,BOT_BLOCKED_403,403,,2026-09-25T20:29:01+00:00
L19,Literature verified,Faulds JE and Henry CD 2008 Tectonic influences on the spatial and temporal evolution of the Walker Lane - Arizona Geological Society Digest 22 p437-470,NBMG UNR,https://nbmg.unr.edu/staff/faulds/33_AGS22_Faulds_and_Henry_(Walker_Lane)_final.pdf,,Free (author copy),WL-ECSZ accommodates ~20% Pacific-North America motion; GPS strain ~10 mm/yr,fetch_page,2026-09-12,OK_200,200,https://nbmg.unr.edu/staff/faulds/33_AGS22_Faulds_and_Henry_(Walker_Lane)_final.pdf,2026-09-25T20:29:01+00:00
X1,Removed after review,pp1720D PDF (USGS Prof Paper 1720 reduction-to-pole),USGS,https://pubs.usgs.gov/pp/1720/downloads/pdf/p1720D.pdf,,n/a,Previously cited for RTP explanation,search+fetch attempt,2026-09-12,OK_200,200,https://pubs.usgs.gov/pp/1720/downloads/pdf/p1720D.pdf,2026-09-25T20:29:01+00:00
X2,Removed after review,JGR 2014JB011145 (previously described as steady contemporary deformation),Wiley/AGU,https://agupubs.onlinelibrary.wiley.com/doi/10.1002/2014JB011145,10.1002/2014JB011145,n/a,Previously cited for Walker Lane strain,web_search,2026-09-12,BOT_BLOCKED_403,403,,2026-09-25T20:29:01+00:00
X3,Removed after review,geodataviewer.com 3DEP page,third party,https://geodataviewer.com/datasets/dem/ned-3dep-usgs/,,n/a,Previously listed under 3DEP sources,review,2026-09-12,OK_200,200,https://geodataviewer.com/datasets/dem/ned-3dep-usgs/,2026-09-25T20:29:01+00:00
X4,Removed after review,ngmdb.usgs.gov/emri,USGS,https://ngmdb.usgs.gov/emri/,,n/a,Previously listed as EarthMRI portal,review,2026-09-12,OK_200,200,https://ngmdb.usgs.gov/emri/,2026-09-25T20:29:01+00:00
X5,Removed after review,usgs.gov google-earthtmkml-files KML page,USGS,https://www.usgs.gov/programs/earthquake-hazards/google-earthtmkml-files,,n/a,Previously cited for KML download,review,2026-09-12,OK_200,200,https://www.usgs.gov/programs/earthquake-hazards/google-earthtmkml-files,2026-09-25T20:29:01+00:00
E29,External data official,USGS TNM staged products bucket prd-tnm.s3.amazonaws.com (3DEP 1m DEM tiles),USGS National Geospatial Program,https://prd-tnm.s3.amazonaws.com/?list-type=2&prefix=StagedProducts/Elevation/1m/Projects/NV_WestCentral_EarthMRI_2020_D20/TIFF/,,Public Domain (USGS),"Hosts the 1m DEM tiles referenced by competition 1m_DEM_links; projects CA_SierraNevada_B22, NV_WestCentral_EarthMRI_2020_D20, NV_Humboldt_2021_D21",fetch_page (S3 ListObjectsV2),2026-09-12,OK_200,200,https://prd-tnm.s3.amazonaws.com/?list-type=2&prefix=StagedProducts/Elevation/1m/Projects/NV_WestCentral_EarthMRI_2020_D20/TIFF/,2026-09-25T20:29:01+00:00
E30,External data official,jklinck/geothermal_research (GitHub mirror of official USGS GeoDAWN survey 22103 area1 rasters + INGENIOUS regional QFaults shapefile + dependent-earthquake rate density),Unofficial aggregator; underlying data USGS/INGENIOUS (public domain / CC),https://github.com/jklinck/geothermal_research,,"Upstream data: USGS public domain (DOI 10.5066/P93LGLVQ, 10.5066/P9BCVRCK), INGENIOUS CC (DOI 10.15121/1881483); repo itself unlicensed - data files only used",Source for reconstructed dataset (data/reconstructed/) enabling full pipeline verification in sandbox,git sparse clone + rasterio/gpd inspection of CRS/res/bands; SHA256 in provenance.json,2026-09-12,OK_200,200,https://github.com/jklinck/geothermal_research,2026-09-25T20:29:01+00:00
V1,Verification (this session),Reference solution notebook read cell-by-cell (21 cells),DrivenData / John Lipor (PSU),https://github.com/drivendataorg/gems-prize-reference-solution/blob/main/unet-mc-cv-reference-solution.ipynb,,MIT-style,"Ground truth for baseline hyperparameters and format: data/numeric_features.tif + data/labels.tif; min-max [0,1] norm with X<-1e38->NaN; labels y<1->0; MC=5, patch 128, test_proportion 0.5, batch 32, epochs 5, AdamW lr 1e-4; smp.Unet resnet18 imagenet; TverskyLoss(alpha=0.2,beta=0.8,mode='binary'); torchvision v2 aug (RandomResizedCrop 0.5-1.0, h/v flip, rot30); test windows zeroed globally before train patching; output predicted_faults_example.tif crs/transform copied from labels; cell 17 note 'it may be advantageous to threshold this map for better scoring'; NO metric implementation anywhere in the repo",git clone + json parse of notebook cells,2026-09-12,OK_200,200,https://github.com/drivendataorg/gems-prize-reference-solution/blob/main/unet-mc-cv-reference-solution.ipynb,2026-09-25T20:29:01+00:00
V2,Verification (this session),Search for public mirror of competition files,GitHub code search API,https://api.github.com/search/code,,n/a,Whether the official rasters exist anywhere public (determines if data can enter the sandbox),"gh api search/code for gems-geodawn-numerical-features, existing_faults.tif, example_submission.tif, 1m_DEM_links, competition-doe-gems",2026-09-12,AUTH_REQUIRED,401,,2026-09-25T20:29:01+00:00
V3,Verified public data mirror actually used,jklinck/geothermal_research (GeoDAWN 22103 area1 tiffs + INGENIOUS QFaults + INGENIOUS seismicity),Joshua Klinck (aggregating USGS ScienceBase + GDR/INGENIOUS data),https://github.com/jklinck/geothermal_research,10.5066/P93LGLVQ (GeoDAWN) / 10.15121/1881483 (INGENIOUS),Underlying data USGS public domain + INGENIOUS CC BY 4.0; repo itself carries NO license so only the data files are used,"Real (non-synthetic) data for pipeline verification, external pretraining and the metric experiments on docs/results.html",codeload tarball (raw.githubusercontent blocked by egress); pinned commit 56d78de7a989c12e2dce50cd65a4095df57030d2 (2026-06-25) read from api.github.com; tarball sha256 f78b96a36fd5e814a774331869ce5e43b73469b9942e0846d584388a17b8fb20; per-file sha256 in data/reconstructed/provenance.json,2026-09-12,OK_200,200,https://github.com/jklinck/geothermal_research,2026-09-25T20:29:01+00:00
V4,Rules PDF host equivalence,www.nlr.gov vs docs.nlr.gov serving the official rules,NLR / DOE,https://docs.nlr.gov/docs/fy26osti/96647.pdf,,US Government prize terms,Which URL to cite in submission docs,"fetch_page on the www.nlr.gov URL returned content from docs.nlr.gov (redirect), same 7-chunk SEPTEMBER 2026 document; new sections 3.3/3.4/3.5/1.3/1.4 read in full",2026-09-12,OK_200,200,https://docs.nlr.gov/docs/fy26osti/96647.pdf,2026-09-25T20:29:01+00:00
V5,Audit finding,"Cited-but-uncommitted evidence artefact (data/dem_links.json, data/evidence/)",this repository,https://github.com/buffedlizard55-lab/GEMSDOE/tree/main/data,,,Auditability of the DEM-link extraction claimed in 6 doc locations,"grep of all docs vs git ls-files: data/* was gitignored except README.md, so the artefact existed only in a previous sandbox and is not in the repo",2026-09-12,OK_200,200,https://github.com/buffedlizard55-lab/GEMSDOE/tree/main/data,2026-09-25T20:29:01+00:00
V6,Measurement,Metric implementation equivalence + shaping + loss A/B,this repository,https://github.com/buffedlizard55-lab/GEMSDOE/blob/main/docs/results.html,,,Submits the numbers behind every performance claim in the README/site,python src/metrics.py --self-test (8 checks); python tests/test_metric.py (18 tests); scripts/measure_submission_variants.py; scripts/run_ab_loss_experiment.sh,2026-09-12,OK_200,200,https://github.com/buffedlizard55-lab/GEMSDOE/blob/main/docs/results.html,2026-09-25T20:29:01+00:00
V7,Dependency verification,requirements.txt / environment.yml vs installed+imported packages,PyPI,https://pypi.org/project/torch/,,,Confirms the documented env actually installs and imports,pip install in-sandbox from pypi.org + files.pythonhosted.org; versions pinned in requirements.verified.txt; albumentations removed (unused after the numpy-augmentation rewrite),2026-09-12,OK_200,200,https://pypi.org/project/torch/,2026-09-25T20:29:01+00:00
E31,External data official,"State Geologic Map Compilation (SGMC) - report, methods and appendices","USGS (Horton, San Juan & Stoeser 2017, Data Series 1052)",https://pubs.usgs.gov/publication/ds1052,https://doi.org/10.3133/ds1052,Public domain (USGS),Methods + attribute semantics for the independent fault catalogue used as the proxy truth set,fetch_page (independent egress path),2026-09-16,OK_200,200,https://pubs.usgs.gov/publication/ds1052,2026-09-25T20:29:01+00:00
E32,External data official,SGMC geodatabase data release (geodatabase 415.71 MB / shapefiles 634.14 MB / tables 1.5 MB),USGS ScienceBase (item 5888bf4fe4b05ccb964bab9d),https://doi.org/10.5066/F7WH2N65,https://doi.org/10.5066/F7WH2N65,Public domain (USGS),Canonical bulk download of the same fault lines the proxy is built from (not needed for the proxy: the AGOL service is queried instead),fetch_page (independent egress path),2026-09-16,OK_REDIRECTED_TO_www.sciencebase.gov,200,https://www.sciencebase.gov/catalog/item/5888bf4fe4b05ccb964bab9d,2026-09-25T20:29:01+00:00
E33,External data official,SGMC_Structure FeatureServer layer 1 (polylines: mostly faults) - THE byte source of the proxy,USGS via ArcGIS Online,https://services.arcgis.com/v01gqwM5QqNysAAi/arcgis/rest/services/SB_5888bf4fe4b05ccb964bab9d_USGS_SGMC_feature/FeatureServer/1,https://doi.org/10.5066/F7WH2N65,Public domain (USGS),Queried by scripts/fetch_proxy_faults.py for the GeoDAWN envelope -> independent fault catalogue (proxy) used to score submissions on faults the training labels lack,fetch_page (independent egress path): layer metadata + count queries,2026-09-16,OK_200,200,https://services.arcgis.com/v01gqwM5QqNysAAi/arcgis/rest/services/SB_5888bf4fe4b05ccb964bab9d_USGS_SGMC_feature/FeatureServer/1,2026-09-25T20:29:01+00:00
E34,External data official,SGMC_Structure attribute dictionary (Appendix 5: DESCRIPTION field),USGS Data Series 1052,https://pubs.usgs.gov/ds/1052/ds20171052_appendix5.pdf,https://doi.org/10.3133/ds1052,Public domain (USGS),Documents the DESCRIPTION values the fault selection is derived from; link taken from the ds1052 publication page (a previously guessed appendix path 404s and is not cited),fetch_page (publication page listing) + HEAD check in scripts/fetch_proxy_faults.py,2026-09-16,OK_200,200,https://pubs.usgs.gov/ds/1052/ds20171052_appendix5.pdf,2026-09-25T20:29:01+00:00
E35,External data official,SGMC successor release: Geologic Map Schema (GeMS) version of the SGMC (2026),USGS (Horton 2026) via NGMDB,https://ngmdb.usgs.gov/Prodesc/proddesc_119417.htm,https://doi.org/10.5066/P1A3DQZK,Public domain (USGS),"Flagged, not yet used: USGS recommends this updated GeMS release; the queried FeatureServer belongs to the 2017 (ver. 1.1) release. Candidate upgrade for the proxy before the final submission",fetch_page (independent egress path),2026-09-16,OK_200,200,https://ngmdb.usgs.gov/Prodesc/proddesc_119417.htm,2026-09-25T20:29:01+00:00
E36,External data official,Geologic Map of Nevada (Crafford 2007) - the Nevada content of the SGMC fault compilation,USGS Data Series 249 (with Nevada Bureau of Mines and Geology),https://pubs.usgs.gov/ds/2007/249/,,Public domain (USGS),"Provenance of the Nevada faults in the proxy; 1:250,000 state map, merged from county maps (Hess & Johnson 1997)",fetch_page (independent egress path),2026-09-16,OK_200,200,https://pubs.usgs.gov/ds/2007/249/,2026-09-25T20:29:01+00:00
V8,Verification (this session),Official rules PDF - 10 additional sentences re-verified through an independent extraction path,DOE / NLR (docs.nlr.gov),https://docs.nlr.gov/docs/fy26osti/96647.pdf,,Public (US government),"The sentences that carry Phase-1/Phase-2 prize structure, expert label revision, 1-m DEM instructions, one-final-submission rules and the public/private test set composition are now machine-checked by .github/workflows/verify-rules.yml; they were read here through a second, independent fetcher (agent tool, egress outside the sandbox allowlist)",fetch_page (independent egress path) + runner re-check in CI,2026-09-16,OK_200,200,https://docs.nlr.gov/docs/fy26osti/96647.pdf,2026-09-25T20:29:01+00:00
V9,Verification (this session),"Competition data tab still login-gated (re-measured, independent path)",DrivenData,https://www.drivendata.org/competitions/306/competition-doe-gems/data/,,Competition terms,Confirms the one blocker that cannot be solved from a sandbox: the official rasters require an account. The data bridge downloads the data-tab Dropbox mirrors on a runner instead,fetch_page (independent egress path),2026-09-16,LOGIN_REQUIRED,200,https://www.drivendata.org/accounts/login/?next=/competitions/306/competition-doe-gems/data/,2026-09-25T20:29:01+00:00
E38,External data official,QFaults layer 21 feature count inside the competition footprint (returnCountOnly),USGS Earthquake Hazards,https://earthquake.usgs.gov/arcgis/rest/services/haz/Qfaults/MapServer/21/query?returnCountOnly=true,10.5066/P9BCVRCK,Public Domain (USGS),"The integrity gate of scripts/fetch_qfaults.py: the fetched feature count must equal this service-reported count, or the run fails rather than writing a silently truncated catalogue (a partial catalogue would understate transfer and look like a negative result)",fetch_page,2026-09-18,OK_200,200,https://earthquake.usgs.gov/arcgis/rest/services/haz/Qfaults/MapServer/21/query?returnCountOnly=true,2026-09-25T20:29:01+00:00
E37,External data official,"QFaults MapServer layer 21 ""National Database"" (fault traces, polyline)",USGS Earthquake Hazards,https://earthquake.usgs.gov/arcgis/rest/services/haz/Qfaults/MapServer/21?f=json,10.5066/P9BCVRCK,Public Domain (USGS),"Catalogue B for the cross-catalogue transfer measurement: one layer covers the whole nation, so no state-boundary logic is needed and no trace can be missed at a state line",fetch_page,2026-09-18,OK_200,200,https://earthquake.usgs.gov/arcgis/rest/services/haz/Qfaults/MapServer/21?f=json,2026-09-25T20:29:01+00:00
E39,Derived evidence from an official source,"QFaults layer 21 rasterised on the competition grid, and its measured overlap with labels.tif",USGS Earthquake Hazards (source); this repository (measurement),https://earthquake.usgs.gov/arcgis/rest/services/haz/Qfaults/MapServer/21?f=json,10.5066/P9BCVRCK,Public Domain (USGS); derived rasters committed to this repository,"Catalogue B of the cross-catalogue transfer measurement. The measured result closes that experiment: inside the scored footprint 60,938 of 60,939 catalogue-B pixels are already within R = 3 px of a training label and exactly 1 pixel is code 2, while 60,986 of the 60,988 label fault pixels lie within R of a QFaults trace - i.e. the training labels in this footprint ARE QFaults, so no transfer number can be computed against them and scripts/measure_cross_catalogue_transfer.py refuses by pre-registered threshold","runner-fetch + rasterise (scripts/fetch_qfaults.py, scripts/build_proxy_catalogue.py)",2026-09-19,OK_200,200,https://earthquake.usgs.gov/arcgis/rest/services/haz/Qfaults/MapServer/21?f=json,2026-09-25T20:29:01+00:00
